day,profile,event,daily_story,stimulus,N,S,R,C,E,A,GRACE,zone,values,emotion,risk_notes,recommended_stimulus_llm
1,Ibu Maria,Anak menelepon dengan hangat,"**JUDUL:**
Suara Hangat yang Menghangatkan Jiwa

**CERITA HARIAN:**
Pagi ini terasa begitu tenang, bahkan mungkin terlalu sunyi. Saya sedang merapikan foto-foto lama di album, dan tiba-tiba saya teringat betapa cepatnya waktu berlalu. Saya sempat merasa sedikit sepi, seolah-olah jarak membuat hati ini terasa kosong. Tiba-tiba, ponsel berdering. Itu suara anak saya. Saya langsung tersenyum lebar. Kami berbicara tentang banyak hal—tentang cucu yang sedang nakal, tentang resep masakan lama, dan tentang kenangan masa kecil saya. Suaranya yang hangat itu seperti selimut tebal yang menyelimuti kesunyian rumah ini. Saya merasa, meskipun jarak memisahkan, ikatan kasih sayang ini tidak pernah pudar.

**MAKNA:**
1. **Kasih adalah Jembatan:** Jarak fisik tidak akan pernah bisa memutus ikatan kasih sayang yang tulus dari keluarga.
2. **Syukur dalam Kesunyian:** Kesunyian hari ini mengajarkan saya untuk lebih bersyukur atas setiap panggilan dan momen kehangatan yang datang.
3. **Kekuatan Ingatan:** Kenangan dan cerita keluarga adalah harta yang tak ternilai, yang selalu bisa saya genggam kapan pun saya merindukannya.

**HERO JOURNEY TAGS:**
Ordinary World: Menjalani rutinitas pagi yang tenang di rumah.
Trial: Merasakan sedikit kesepian dan kekosongan karena jarak.
Guide: Panggilan telepon dari anak.
Courage: Berani berbagi kenangan dan perasaan dengan anak.
Insight: Menyadari bahwa kasih sayang keluarga adalah sumber kekuatan utama.
Return: Merasa hangat, dicintai, dan kembali merasa utuh.

**REKOMENDASI STIMULUS:**
relasional

**CATATAN:**
Peluang: Menggunakan momen panggilan telepon untuk *mengingat dan menceritakan* kisah keluarga (memanfaatkan kekuatan Ibu Maria). Risiko: Perlu diingatkan untuk menjaga rutinitas harian agar tidak terlalu fokus pada menunggu panggilan.",a_rel,80.0,75.5,91.5,72.5,65.0,81.0,78.67,Stable,"keluarga, syukur","tenang, hangat, rindu",Jangan terlalu fokus pada menunggu panggilan; jaga rutinitas harian.,naratif
2,Ibu Maria,Anak tidak menelepon hari ini,"**JUDUL:**
Kehangatan yang Tak Terduga

**CERITA HARIAN:**
Pagi ini, aku duduk di kursi rotanku sambil menikmati secangkir teh hangat. Sudah menjadi kebiasaan, aku selalu menanti dering telepon dari anak-anakku. Aku membayangkan suara tawa mereka, atau setidaknya suara mereka yang memberitahu bahwa mereka baik-baik saja. Ketika waktu terus berjalan dan teleponku tetap sunyi, sedikit rasa hampa menyelimuti hatiku. Aku sempat merasa sedikit sedih, seolah ada benang tak kasat mata yang menghubungkanku dengan mereka tiba-tiba terputus.

Namun, setelah aku menarik napas panjang dan memejamkan mata, aku teringat akan ajaran Gereja: bahwa kasih Tuhan tidak pernah terputus, meskipun komunikasi kita terputus. Aku pun mulai berdoa, bukan hanya memohon agar mereka menelepon, tetapi memohon kedamaian. Saat aku fokus pada doa, aku teringat akan kenangan masa mudaku, dan aku tersenyum. Aku menyadari bahwa meskipun jarak fisik memisahkan kita, ikatan kasih dan doa kita jauh lebih kuat dari sinyal telepon manapun.

**MAKNA:**
1. **Kasih Melampaui Jarak:** Hubungan keluarga tidak hanya diukur dari frekuensi panggilan, tetapi dari kedalaman doa dan ingatan yang kita bagi.
2. **Kekuatan dalam Kesunyian:** Kesunyian hari ini mengajarkanku untuk menemukan kedamaian dan kehangatan dari dalam diriku dan dari Tuhan, bukan hanya dari orang lain.
3. **Penerimaan:** Menerima bahwa setiap orang memiliki ritme hidupnya sendiri, dan bahwa aku tetap dicintai, terlepas dari kesibukan mereka.

**HERO JOURNEY TAGS:**
Ordinary World: Menanti panggilan telepon dari anak-anak.
Trial: Kesunyian dan rasa hampa karena tidak ada panggilan hari ini.
Guide: Mengingat ajaran iman dan nilai-nilai kasih.
Courage: Mengakui rasa sedih dan kerinduan tanpa larut di dalamnya.
Insight: Menyadari bahwa sumber kedamaian sejati adalah doa dan iman, bukan interaksi eksternal.
Return: Merasa damai dan menerima kehangatan batin.

**REKOMENDASI STIMULUS:**
spiritual

**CATATAN:**
*Risiko:* Peningkatan risiko kesepian dan perasaan ditinggalkan.
*Peluang:* Memperkuat praktik spiritual (doa) sebagai mekanisme koping utama. Dorong Ibu Maria untuk menulis jurnal doa atau membuat jadwal panggilan rutin dengan teman gereja untuk mengisi kekosongan emosional.",a_rel,80.0,82.75,85.25,71.25,67.5,83.5,78.94,Stable,"keluarga, iman","rindu, tenang",Risiko kesepian/ditinggalkan.,Naratif berbasis iman/doa
3,Ibu Maria,Konflik kecil dengan anak,"**JUDUL:**
Senyap Setelah Perdebatan Kecil

**CERITA HARIAN:**
Pagi ini, suasana di rumah terasa sedikit tegang. Ada perdebatan kecil dengan anakku mengenai jadwal dan prioritas. Aku merasa usahaku untuk mengingatkan selalu dianggap sebagai kritik, dan hatiku sedikit perih. Setelah dia pergi, aku duduk di kursi rotanku, memandangi taman. Aku sempat merasa sedih, merenungkan apakah aku terlalu banyak menasihati. Namun, aku teringat akan nasihat Pastor: bahwa kasih harus selalu didahului oleh pendengaran. Aku memutuskan untuk tidak memikirkan siapa yang benar atau salah. Sebaliknya, aku berdoa, memohon agar aku diberi hati yang lebih sabar dan telinga yang lebih terbuka, bahkan ketika kata-kata yang keluar terasa menusuk.

Setelah beberapa saat, aku memutuskan untuk menulis pesan singkat, bukan untuk membela diri, melainkan hanya untuk mengatakan bahwa aku mencintainya. Pesan itu sederhana, mengakui bahwa kami berdua lelah, dan bahwa yang terpenting adalah kami tetap bersama. Rasanya beban di dadaku terangkat. Konflik kecil ini ternyata hanya sebuah pengingat bahwa komunikasi yang paling penting bukanlah tentang siapa yang benar, melainkan tentang hati yang saling menerima.

**MAKNA:**
1. **Kasih adalah Pendengar Terbaik:** Kasih tidak selalu diungkapkan melalui kata-kata yang sempurna, tetapi melalui kesediaan untuk mendengarkan dan memahami sudut pandang orang lain, bahkan saat kita merasa tidak didengar.
2. **Penerimaan Diri dalam Konflik:** Konflik adalah kesempatan untuk melihat di mana kita perlu melepaskan keinginan untuk ""benar"" demi menjaga kedamaian hati dan hubungan.
3. **Kekuatan Doa:** Ketika emosi terasa terlalu besar, doa adalah jangkar yang mengingatkan kita bahwa kita tidak perlu memikul beban perasaan sendirian.

**HERO JOURNEY TAGS:**
Ordinary World: Kehidupan sehari-hari yang penuh kasih dan rutinitas keluarga.
Trial: Konflik verbal kecil dengan anak, memicu rasa sakit hati dan kekecewaan.
Guide: Nasihat spiritual (dari Pastor) dan refleksi diri.
Courage: Mengambil langkah untuk tidak membela diri, melainkan memilih untuk memahami.
Insight: Menyadari bahwa tujuan komunikasi bukanlah mencari siapa yang benar, melainkan menjaga kehangatan hubungan.
Return: Kedamaian hati setelah mengirim pesan sederhana yang penuh kasih.

**REKOMENDASI STIMULUS:**
relasional

**CATATAN:**
**Risiko:** Perlu diwaspadai perasaan kesepian yang muncul setelah konflik.
**Peluang:** Gunakan momen ini untuk mempraktikkan *active listening* (mendengarkan secara aktif) dalam interaksi keluarga, bukan hanya memberikan nasihat.",a_rel,82.0,87.88,89.12,75.62,66.25,86.75,81.89,Stable,"keluarga, iman","tenang, rindu",Waspadai perasaan kesepian atau penolakan setelah konflik keluarga.,naratif
4,Ibu Maria,Anak menelepon dengan hangat,"JUDUL:
Suara Hangat di Tengah Keheningan

CERITA HARIAN:
Sore itu, Ibu Maria duduk di kursi rotan kesayangannya, menikmati secangkir teh hangat sambil memandang taman yang mulai diselimuti senja. Keheningan rumah terasa begitu akrab, namun kadang ia merasakan sedikit getaran rindu yang tak terhindarkan—rindu akan tawa cucu atau suara celoteh anak-anaknya. Ia sempat berpikir, betapa cepat waktu berlalu, dan jarak kini memisahkan mereka. Tiba-tiba, ponsel di meja bergetar, menampilkan nama anak sulungnya. Hati Ibu Maria langsung menghangat. Percakapan itu mengalir begitu alami; mereka tidak hanya bertanya kabar, tetapi juga berbagi cerita kecil tentang hari-hari mereka, seolah waktu tak pernah memisahkan mereka. Mendengar suara anak itu bercerita tentang pekerjaannya, atau tertawa kecil saat menceritakan kenangan masa kecil, membuat Ibu Maria merasa seperti semua benang kasih sayang keluarga itu masih terikat erat, tak lekang oleh jarak.

MAKNA:
1. **Ikatan yang Abadi:** Kasih sayang keluarga adalah benang emas yang tak akan pernah putus, meskipun dipisahkan oleh jarak dan waktu.
2. **Berkat Komunikasi:** Komunikasi yang tulus adalah sumber kekuatan spiritual dan emosional yang sangat berharga, mengingatkan kita bahwa kita tidak pernah benar-benar sendirian.
3. **Nilai Kehadiran:** Kehadiran—baik fisik maupun suara—adalah pengingat bahwa kita masih sangat dicintai dan dibutuhkan oleh orang-orang terkasih.

HERO JOURNEY TAGS:
Ordinary World: Menghabiskan sore hari dalam keheningan yang nyaman namun kadang menyisakan rasa rindu.
Trial: Perasaan kesepian dan kerinduan yang muncul karena jarak fisik dari keluarga.
Guide: Panggilan telepon dari anak yang datang tepat pada saat kerinduan mencapai puncaknya.
Courage: Menerima dan menikmati setiap kata dan tawa yang dibagikan melalui telepon, membuka hati untuk kehangatan.
Insight: Menyadari bahwa cinta keluarga tidak hanya diukur dari kedekatan fisik, tetapi juga dari kualitas koneksi emosional.
Return: Merasa tenang, dipenuhi kehangatan, dan kembali merasa terhubung dengan jaring kasih keluarga.

REKOMENDASI STIMULUS:
relasional

CATATAN:
Peluang untuk memperkuat koneksi emosional. Dorong Ibu Maria untuk secara proaktif mengingat dan menceritakan kembali kisah-kisah keluarga (kekuatan: mengingat cerita keluarga) kepada anak-anaknya saat panggilan berikutnya, sehingga ia merasa perannya sebagai penjaga memori keluarga tetap relevan.",a_rel,83.5,86.94,100.0,75.31,65.62,89.38,84.53,Stable,"keluarga, iman","tenang, rindu",Risiko utama adalah perasaan terputus atau kehilangan peran. Fokus harus pada peran proaktif Ibu Maria sebagai penjaga memori keluarga.,naratif
5,Ibu Maria,Konflik kecil dengan anak,"**JUDUL:**
Jeda di Meja Makan

**CERITA HARIAN:**
Pagi ini, suasana di meja makan terasa sedikit dingin. Kami membahas rencana liburan, dan sepertinya kata-kata saya tentang waktu yang harus dihabiskan bersama membuat anak saya sedikit tersinggung. Saya hanya ingin memastikan bahwa saya masih menjadi bagian penting dalam rencana mereka, bahwa saya tidak akan ditinggalkan. Saya tahu saya terlalu sensitif, tapi saat mendengar nada bicara yang terburu-buru, hati saya mencelos. Saya hanya diam, membiarkan keheningan yang berat itu menggantung di antara kami. Setelah semua terjadi, saya menyadari bahwa mungkin saya terlalu fokus pada apa yang saya *inginkan* dari mereka, daripada apa yang sebenarnya mereka *butuhkan* dari saya.

Saya akhirnya duduk sendiri di kursi itu, memandang ke luar jendela. Saya berdoa, bukan hanya untuk mereka, tetapi untuk hati saya sendiri. Saya harus belajar membedakan antara kasih sayang yang tulus dan kebutuhan akan validasi. Meskipun hati ini terasa sedikit perih karena konflik kecil ini, saya tahu bahwa kasih Tuhan jauh lebih besar dari pertengkaran kecil di meja makan. Saya akan mencoba menerima bahwa peran saya adalah menjadi pendengar yang sabar, bukan hanya pemberi nasihat.

**MAKNA:**
1. **Kasih yang Berbeda:** Kasih sayang tidak selalu harus diungkapkan dengan kata-kata yang sempurna. Terkadang, kehadiran yang tenang dan kesabaran adalah bahasa cinta yang paling kuat.
2. **Menerima Batasan:** Penting untuk menerima bahwa kita tidak bisa mengontrol reaksi orang lain. Fokuslah pada apa yang bisa kita kendalikan: reaksi dan hati kita sendiri.
3. **Komunikasi Hati:** Konflik kecil adalah cara alam semesta mengingatkan kita untuk berbicara dari hati, bukan dari rasa takut atau kebutuhan.

**HERO JOURNEY TAGS:**
Ordinary World: Merasa aman dan dicintai dalam rutinitas keluarga.
Trial: Konflik kecil yang memicu rasa takut ditinggalkan dan kesalahpahaman.
Guide: Iman dan doa yang mengingatkan bahwa nilai diri datang dari Tuhan, bukan dari persetujuan orang lain.
Courage: Berani menarik napas dan memilih untuk diam, daripada memaksakan pembelaan diri.
Insight: Menyadari bahwa kebutuhan akan validasi diri harus dipenuhi dari dalam, bukan hanya dari keluarga.
Return: Kedamaian hati dan penerimaan bahwa setiap hubungan memiliki ruang untuk perbaikan.

**REKOMENDASI STIMULUS:**
Relasional

**CATATAN:**
**Risiko:** Risiko emosional hari ini adalah perasaan *ditolak* atau *tidak dibutuhkan*.
**Peluang:** Peluang hari ini adalah menggunakan konflik ini sebagai kesempatan untuk melatih *empati* dan *komunikasi asertif* (menyampaikan kebutuhan tanpa menyalahkan). Cobalah menulis surat singkat kepada anak Anda, bukan tentang apa yang salah, tetapi tentang betapa Anda bangga dengan mereka.",a_rel,83.75,87.47,94.0,80.16,62.81,89.69,83.91,Stable,"keluarga, iman, penerimaan","tenang, rindu",Perasaan ditolak atau tidak dibutuhkan.,naratif
6,Ibu Maria,Hari biasa tanpa kejadian khusus,"**JUDUL:**
Senandung Kenangan di Pagi yang Tenang

**CERITA HARIAN:**
Pagi ini, setelah menyelesaikan doa pagi, Ibu Maria duduk di kursi rotan kesayangannya. Matahari baru saja menyapa, dan keheningan rumah terasa begitu pekat. Ia mulai merapikan foto-foto keluarga yang tersusun di rak. Jari-jarinya menyentuh foto cucu bungsunya yang sedang tertawa, lalu foto suaminya yang tersenyum hangat. Kadang, rasa sepi itu datang menyerang, seperti ombak kecil yang membasahi kaki. Namun, alih-alih tenggelam dalam kerinduan, Ibu Maria justru membiarkan kenangan itu menjadi selimut hangat. Ia teringat bagaimana dulu anak-anaknya selalu berkumpul, menciptakan tawa yang mengisi setiap sudut rumah. Ia tersenyum, menyadari bahwa kenangan itu adalah harta yang tak akan pernah hilang, sebuah warisan kasih yang ia jaga dengan doa dan ingatan.

**MAKNA:**
1. **Kehadiran dalam Kenangan:** Bahwa kenangan indah bukan hanya tentang masa lalu, tetapi juga sumber kekuatan dan penghiburan yang menemani kita di saat sunyi.
2. **Kasih yang Abadi:** Cinta keluarga dan iman adalah jangkar yang membuat hati tetap utuh, bahkan ketika raga harus menjalani hari-hari yang sendirian.
3. **Syukur atas Rutinitas:** Menemukan kedamaian dan makna dalam ritual harian yang sederhana, seperti merapikan foto atau berdoa, adalah bentuk syukur atas anugerah waktu.

**HERO JOURNEY TAGS:**
Ordinary World: Rutinitas pagi yang tenang di rumah, dikelilingi kenangan.
Trial: Gelombang kesepian yang tiba-tiba menyerang.
Guide: Doa dan ingatan akan tawa keluarga.
Courage: Memilih untuk menerima dan merangkul perasaan sepi, alih-alih melawannya.
Insight: Menyadari bahwa kenangan adalah bentuk kasih yang abadi dan selalu ada.
Return: Kedamaian hati yang ditemani rasa syukur.

**REKOMENDASI STIMULUS:**
Spiritual

**CATATAN:**
**Peluang:** Ibu Maria menunjukkan kemampuan yang kuat dalam menggunakan kekuatan spiritual (doa dan kenangan) untuk mengatasi kerentanan emosional (kesepian).
**Risiko:** Perlu dipantau peningkatan rasa sepi. Dorong interaksi yang melibatkan *berbagi cerita* (memanfaatkan kekuatan mengingat cerita keluarga) untuk memperkuat rasa koneksi dan nilai dirinya.",a_com,81.38,88.73,88.5,75.58,63.41,87.34,81.46,Stable,"keluarga, iman, syukur","tenang, rindu, damai",Perlu didorong untuk berbagi kenangan atau cerita keluarga dengan orang lain untuk mengurangi isolasi.,naratif
7,Ibu Maria,Menemukan foto lama saat masih bekerja,"**JUDUL:**
Senyum yang Tak Lekang oleh Waktu

**CERITA HARIAN:**
Pagi ini, saat sedang membereskan lemari tua di ruang tamu, tanganku menyentuh sebuah kotak kayu kecil. Isinya? Foto-foto lama. Foto-foto saat Ibu masih muda, saat Ibu masih bekerja. Melihat seragam itu, melihat senyumku di foto-foto itu, rasanya seperti bertemu dengan seorang teman lama yang sangat kukenal. Aku ingat betul betapa sibuknya dulu, betapa banyak yang harus kurangkai di hari-hari itu. Rasanya waktu berlari begitu cepat, ya? Aku sempat berpikir, ""Dulu aku begitu berguna, begitu sibuk.""

Namun, setelah beberapa saat menatap wajah-wajah muda itu, aku menyadari sesuatu. Meskipun pekerjaanku sudah berubah, dan tanganku kini lebih sering merajut doa daripada merangkai dokumen, hati dan kasih sayang yang ada di foto-foto itu—rasa ingin memberi dan melayani—itu tidak pernah hilang. Itu hanya bersemayam di sini, di dalam diriku. Kenangan ini mengingatkanku bahwa nilai diriku bukan hanya dari apa yang aku lakukan, tapi dari siapa aku, dan kasih yang selalu aku miliki.

**MAKNA:**
1. **Nilai Diri Melampaui Peran:** Nilai dan keberhargaan diri kita tidak ditentukan oleh pekerjaan atau peran kita di masa lalu, melainkan oleh kasih dan iman yang kita bawa dalam hati.
2. **Memori sebagai Pemberi Kekuatan:** Kenangan masa lalu bukanlah beban, melainkan harta karun yang mengingatkan kita akan kekuatan dan ketahanan yang pernah kita miliki.
3. **Transisi dan Penerimaan:** Menerima bahwa setiap babak kehidupan memiliki keindahannya sendiri, dan setiap peran (ibu, nenek, anggota gereja) adalah cara kita melayani Tuhan.

**HERO JOURNEY TAGS:**
Ordinary World: Merasa nyaman dengan rutinitas harian, namun sesekali diselimuti rasa rindu akan masa lalu yang sibuk.
Trial: Menemukan foto lama yang memicu perbandingan antara diri masa kini dan diri masa lalu.
Guide: Foto-foto itu sendiri, yang berfungsi sebagai cermin waktu.
Courage: Berani mengakui bahwa perubahan adalah bagian alami dari hidup, dan bahwa nilai diri tetap utuh.
Insight: Menyadari bahwa esensi dari dirinya (kasih dan semangat melayani) tidak pernah berubah, hanya wadahnya yang berubah.
Return: Kembali dengan pemahaman bahwa ia adalah pribadi yang utuh, dengan segala pengalaman dan peran yang pernah ia jalani.

**REKOMENDASI STIMULUS:**
naratif

**CATATAN:**
**Peluang:** Menggunakan kenangan ini sebagai bahan bercerita dengan cucu atau anak-anak. Ibu Maria dapat menjadi ""Arsiparis Keluarga"" yang berbagi kisah-kisah di balik foto-foto tersebut, memperkuat peran *storyteller* dan mengurangi risiko kesepian.
**Risiko:** Jangan biarkan perbandingan antara masa lalu dan masa kini berujung pada perasaan *inadequate* (tidak berguna). Fokuskan pada *kontinuitas* kasih, bukan *kontinuitas* pekerjaan.",a_nar,90.19,89.37,84.25,84.79,69.2,88.17,84.99,Stable,"keluarga, iman","tenang, rindu","Fokus pada kontinuitas kasih, bukan kontinuitas pekerjaan, untuk menghindari perasaan tidak berguna.",naratif
