timestamp,telegram_user_id,telegram_username,telegram_first_name,story_type,raw_story,narrative,N,S,R,C,E,A,GRACE,zone,values,emotion,recommended_stimulus,risk_notes,ollama_url,model
2026-06-08T12:18:16,93694501,,AZR,Hari ini,Hari ini saya berhasil membuat aplikasi storytelling autobiography dengan bantuan AI. Saya merasa terbantu oleh tools yang tersedia,"JUDUL:
""Kunci untuk Membuat Cerita Hidup yang Berarti""

NARASI BERMAKNA:
Hari ini, saya merasa sangat bangga dan bahagia karena berhasil membuat aplikasi storytelling autobiography dengan bantuan AI. Saya tidak pernah membayangkan bahwa saya bisa membuat sesuatu yang sebesar itu sendiri. Namun, dengan bantuan teknologi, saya dapat merekam dan membagikan cerita hidupku kepada orang lain. Saya merasa sangat terbantu oleh tools yang tersedia dan saya ingin mengucapkan terima kasih kepada tim yang telah membantu saya dalam proses ini.

Saya ingat saat-saat pertama saya menggunakan AI untuk membuat aplikasi, saya merasa sedikit ragu-ragu tentang kemampuan saya. Tapi, setelah beberapa kali mencoba, saya mulai merasa lebih percaya diri dan dapat membuat sesuatu yang sebenarnya berarti. Saya merasa sangat bahagia karena saya dapat bagikan cerita hidupku kepada orang lain dan membantu mereka untuk menemukan inspirasi dan motivasi.

Saya ingin mengucapkan terima kasih kepada semua orang yang telah mendukung saya dalam proses ini. Tanpa bantuan mereka, saya tidak akan mampu membuat aplikasi ini. Saya merasa sangat beruntung memiliki teman-teman dan keluarga yang selalu mendukung saya.

MAKNA HIDUP:
Berikut beberapa makna hidup yang terlihat dari pengalaman ini:

*   Kreativitas dapat membantu kita untuk menciptakan sesuatu yang sebenarnya berarti.
*   Bantuan dari orang lain dapat membantu kita untuk mencapai tujuan kita.
*   Percaya diri adalah kunci untuk mencapai kesuksesan.

PERTANYAAN LANJUTAN:
Apakah Anda memiliki pengalaman serupa? Apakah ada sesuatu yang ingin Anda bagikan tentang pengalaman membuat aplikasi storytelling autobiography?

SARAN STIMULUS:
Relasional

CATATAN KEHATI-HATIAN:
Tidak ada catatan khusus.",70.0,70.0,70.0,70.0,70.0,70.0,70.0,Stable,"keluarga, iman","tenang, rindu",naratif,singkat,http://100.112.221.112:11434,llama3.2
2026-06-08T12:23:04,93694501,,AZR,Hari ini,Hari ini saya berhasil membuat aplikasi storytelling autobiography dengan bantuan AI. Saya merasa terbantu oleh tools yang tersedia,"JUDUL:
""Kebanggaan Membuat Kehidupan Sendiri""

NARASI BERMAKNA:
Hari ini saya berhasil membuat aplikasi storytelling autobiography dengan bantuan AI. Saya merasa terbantu oleh tools yang tersedia dan bisa membantu banyak orang untuk mengabadikan kisah hidup mereka. Saya merasa sangat bangga karena bisa menjadi bagian dari proses pengembangan teknologi yang dapat membantu orang-orang untuk membagikan cerita-cerai mereka.

Saya ingat saat-saat pertama saya mulai bekerja dengan AI, saya merasa sedikit ragu-ragu. Tapi setelah beberapa kali mencoba, saya mulai merasa lebih percaya diri dan bisa mengembangkan aplikasi tersebut menjadi sesuatu yang indah. Saya ingin berbagi cerita-cerai ini dengan semua orang yang tertarik untuk mendengarkannya.

Saya juga ingin mengingatkan bahwa kehidupan adalah tentang memberikan makna pada setiap momen, baik itu kesuksesan atau kesulitan. Dan saya merasa sangat beruntung karena bisa memiliki kesempatan untuk membuat aplikasi yang dapat membantu orang-orang untuk membagikan cerita-cerai mereka.

MAKNA HIDUP:
1. Kebanggaan dalam menciptakan sesuatu yang baru dan bermanfaat.
2. Mengingatkan pentingnya keberanian dan percaya diri dalam menghadapi tantangan.
3. Menyadari pentingnya memberikan makna pada setiap momen dalam kehidupan.

PERTANYAAN LANJUTAN:
Apakah Anda memiliki pengalaman membuat sesuatu yang baru dan ingin berbagi cerita tentang itu?

SARAN STIMULUS:
Relasional

CATATAN KEHATI-HATIAN:
Tidak ada catatan khusus.",70.0,70.0,70.0,70.0,70.0,70.0,70.0,Stable,"keluarga, iman","tenang, rindu",naratif,singkat,http://100.112.221.112:11434,llama3.2
2026-06-08T12:34:19,93694501,,AZR,Hari ini,Hari saya jumpa William yang mengerti apa yang saya lakukan.,"JUDUL:
""Temuan yang Mengubah Hidup""

NARASI BERMAKNA:
Hari ini, saya masih ingat saat pertama kali bertemu dengan William. Saya merasa seperti telah menemukan teman yang benar, orang yang mengerti apa yang saya lakukan dan tidak memandang saya dengan mata penasaran. William adalah orang yang sabar, penuh empati, dan memiliki hati yang lembut. Dia selalu mendengarkan dengan perhatian penuh dan memberikan saran yang bijak. Saya merasa seperti dapat membawa beban kecil di atas bahu saya ketika berbicara dengan dia.

Saya ingat saat pertama kali kita bertemu, saya masih merasa sedih karena kehilangan orang yang terdekat dalam hidup saya. William mendengarkan dengan sabar dan memberikan dukungan yang kuat. Dia tidak meminta saya untuk membicarakan tentang perasaan saya, tetapi dia selalu ada di samping saya ketika saya butuh bantuan.

Saya merasa sangat beruntung memiliki teman seperti William dalam hidup saya. Dia telah menjadi bagian penting dari hidup saya dan saya tidak tahu apa yang saya lakukan tanpa dia.

MAKNA HIDUP:
1. Pentingnya memiliki teman yang mengerti dan mendukung.
2. Kekuatan dari kebaikan hati dan empati.
3. Peran penting dari pendengaran dan dukungan dalam hidup.

PERTANYAAN LANJUTAN:
Apakah ada hal lain yang membuat Anda merasa bahagia ketika berbicara dengan William?

SARAN STIMULUS:
Relasional

CATATAN KEHATI-HATIAN:
Tidak ada catatan khusus.",70.0,70.0,70.0,70.0,70.0,70.0,70.0,Stable,"keluarga, iman","tenang, rindu",naratif,singkat,http://100.112.221.112:11434,llama3.2
2026-06-08T12:52:04,93694501,,AZR,Hari ini,Siang ini saya ikut rapat dengan kolega saya di Kelompok Keahlian Teknologi Informasi. Saya melaporkan pekerjaan saya semoga bermanfaat,"JUDUL:
Hari yang Bermanfaat

NARASI BERMAKNA:
Saya merasa bangga ketika saya ikut rapat dengan kolega saya di Kelompok Keahlian Teknologi Informasi. Saya melaporkan pekerjaan saya semoga bermanfaat, dan merasa bahwa saya telah berkontribusi pada kegiatan kelompok. Ini adalah momen yang sangat berkesan bagi saya, karena saya merasa bahwa saya telah membuat perbedaan kecil dalam kehidupan orang lain.

Saya ingat saat itu, saya merasa sangat percaya diri dan bahagia. Saya tahu bahwa saya telah bekerja keras untuk mencapai tujuan saya, dan sekarang saya dapat melihat hasilnya. Ini adalah momen yang akan saya ingat selamanya, karena saya tahu bahwa ini adalah bagian dari perjalanan hidup saya yang berharga.

Saya merasa sangat terima kasih kepada kolega saya yang telah mendukung saya dalam kegiatan ini. Saya juga merasa sangat bahagia karena saya dapat bekerja sama dengan orang lain untuk mencapai tujuan yang sama.

MAKNA HIDUP:
1. Berkontribusi pada kehidupan orang lain membuat perbedaan kecil, tapi sangat berarti.
2. Percaya diri dan bahagia adalah kunci untuk mencapai tujuan hidup.
3. Kerja sama dan dukungan dari orang lain dapat membantu kita mencapai tujuan yang lebih besar.

PERTANYAAN LANJUTAN:
Apakah ada hal lain yang membuat Anda merasa bangga atau puas saat ini?

SARAN STIMULUS:
Naratif

CATATAN KEHATI-HATIAN:
Tidak ada catatan khusus.",70.0,70.0,70.0,70.0,70.0,70.0,70.0,Stable,"keluarga, iman","tenang, rindu",naratif,singkat,http://100.112.221.112:11434,llama3.2
